{
    "name": "ErgoTravel",
    "vendorId": "0xCEEB",
    "productId": "0x1256",
    "lighting" : "qmk_rgblight",
    "matrix": {
      "rows": 8,
      "cols": 7
    },
    "layouts": {
      "labels":[
        "Tall Left Thumb",
        "Tall Right Thumb"
  ],
      "keymap": [
  [
    {
      "x": 3
    },
    "0,3",
    {
      "x": 8.5
    },
    "4,3"
  ],
  [
    {
      "y": -0.87,
      "x": 2
    },
    "0,2",
    {
      "x": 1
    },
    "0,4",
    {
      "x": 6.5
    },
    "4,4",
    {
      "x": 1
    },
    "4,2"
  ],
  [
    {
      "y": -0.8799999999999999,
      "x": 5
    },
    "0,5",
    {
      "x": 4.5
    },
    "4,5"
  ],
  [
    {
      "y": -0.87
    },
    "0,0",
    "0,1",
    {
      "x": 12.5
    },
    "4,1",
    "4,0"
  ],
  [
    {
      "y": -0.8799999999999999,
      "x": 6
    },
    "0,6",
    {
      "x": 2.5
    },
    "4,6"
  ],
  [
    {
      "y": -0.5,
      "x": 3
    },
    "1,3",
    {
      "x": 8.5
    },
    "5,3"
  ],
  [
    {
      "y": -0.8700000000000001,
      "x": 2
    },
    "1,2",
    {
      "x": 1
    },
    "1,4",
    {
      "x": 6.5
    },
    "5,4",
    {
      "x": 1
    },
    "5,2"
  ],
  [
    {
      "y": -0.8799999999999999,
      "x": 5
    },
    "1,5",
    {
      "x": 4.5
    },
    "5,5"
  ],
  [
    {
      "y": -0.8700000000000001
    },
    "1,0",
    "1,1",
    {
      "x": 12.5
    },
    "5,1",
    "5,0"
  ],
  [
    {
      "y": -0.8799999999999999,
      "x": 6
    },
    "1,6",
    {
      "x": 2.5
    },
    "5,6"
  ],
  [
    {
      "y": -0.5,
      "x": 3
    },
    "2,3",
    {
      "x": 8.5
    },
    "6,3"
  ],
  [
    {
      "y": -0.8700000000000001,
      "x": 2
    },
    "2,2",
    {
      "x": 1
    },
    "2,4",
    {
      "x": 6.5
    },
    "6,4",
    {
      "x": 1
    },
    "6,2"
  ],
  [
    {
      "y": -0.8799999999999999,
      "x": 5
    },
    "2,5",
    {
      "x": 1
    },
    "2,6\n\n\n0,0",
    {
      "x": 0.5
    },
    "6,6\n\n\n1,0",
    {
      "x": 1
    },
    "6,5"
  ],
  [
    {
      "y": -0.8700000000000001
    },
    "2,0",
    "2,1",
    {
      "x": 12.5
    },
    "6,1",
    "6,0"
  ],
  [
    {
      "y": -0.3799999999999999,
      "x": 3
    },
    "3,3",
    {
      "x": 8.5
    },
    "7,3"
  ],
  [
    {
      "y": -0.8700000000000001,
      "x": 2
    },
    "3,2",
    {
      "x": 10.5
    },
    "7,2"
  ],
  [
    {
      "y": -0.8799999999999999,
      "x": 6
    },
    "3,4",
    "3,5\n\n\n0,0",
    {
      "x": 0.5
    },
    "7,5\n\n\n1,0",
    "7,4"
  ],
  [
    {
      "y": -0.8700000000000001
    },
    "3,0",
    "3,1",
    {
      "x": 12.5
    },
    "7,1",
    "7,0"
  ],
  [
    {
      "x": 7,
      "h": 2
    },
    "3,5\n\n\n0,1",
    {
      "x": 0.5,
      "h": 2
    },
    "7,5\n\n\n1,1"
  ]
]
    }
  }